{"stats":{"minecraft:picked_up":{"thermal:raw_silver":3,"integrateddynamics:on_the_dynamics_of_integration":1,"tconstruct:pickaxe":1,"pamhc2foodcore:roastedsunflowerseedsitem":2,"ae2:certus_quartz_pickaxe":1,"minecraft:rotten_flesh":9,"ars_nouveau:worn_notebook":1},"minecraft:used":{"minecraft:netherite_sword":172,"minecraft:zombie_villager_spawn_egg":2,"occultism:spawn_egg/possessed_skeleton":1,"minecraft:zombie_spawn_egg":136,"occultism:spawn_egg/djinni":1,"minecraft:evoker_spawn_egg":1,"simpletomb:grave_key":1,"tconstruct:tinkers_anvil":3,"minecraft:golden_apple":5,"minecraft:skeleton_spawn_egg":1,"occultism:spawn_egg/familiar_headless":1,"minecraft:shulker_spawn_egg":2,"ars_nouveau:whirlisprig_se":1,"ars_nouveau:starbuncle_se":1,"tconstruct:terracube_spawn_egg":1},"minecraft:killed":{"minecraft:skeleton":1,"minecraft:zombie":25,"minecraft:zombie_villager":2,"tconstruct:terracube":1,"minecraft:shulker":2},"minecraft:crafted":{"tconstruct:sword":2,"tinker_rapier:rapier_tic":2,"tconstruct:cleaver":1},"minecraft:dropped":{"tconstruct:pickaxe":1,"minecraft:rotten_flesh":1},"minecraft:mined":{"minecraft:large_fern":3,"minecraft:grass":4,"minecraft:fern":2},"minecraft:killed_by":{"minecraft:creeper":1},"minecraft:custom":{"minecraft:time_since_rest":60495,"minecraft:damage_taken":1010,"minecraft:sprint_one_cm":40139,"minecraft:walk_one_cm":60195,"minecraft:damage_absorbed":170,"minecraft:mob_kills":34,"minecraft:drop":2,"minecraft:damage_dealt":10977,"minecraft:fly_one_cm":216036,"minecraft:crouch_one_cm":280,"minecraft:play_time":132620,"minecraft:deaths":2,"minecraft:sneak_time":598,"minecraft:walk_under_water_one_cm":1236,"minecraft:damage_dealt_resisted":2545,"minecraft:jump":416,"minecraft:leave_game":2,"minecraft:walk_on_water_one_cm":3943,"minecraft:time_since_death":60435,"minecraft:climb_one_cm":954,"minecraft:total_world_time":229670,"minecraft:fall_one_cm":10049}},"DataVersion":2975}