{
  "trashcans:recipes/search/item_trash_can": {
    "criteria": {
      "chest": "2022-12-03 16:01:11 +0300"
    },
    "done": true
  },
  "modonomicon:modonomicon/root": {
    "criteria": {
      "modonomicon_present": "2022-12-03 16:01:48 +0300"
    },
    "done": true
  },
  "minecraft:adventure/kill_a_mob": {
    "criteria": {
      "minecraft:zombie": "2022-12-03 17:43:35 +0300"
    },
    "done": true
  },
  "tconstruct:tools/tinker_tool": {
    "criteria": {
      "crafted_tool": "2022-12-03 18:53:03 +0300"
    },
    "done": true
  },
  "minecraft:adventure/kill_all_mobs": {
    "criteria": {
      "minecraft:skeleton": "2022-12-03 18:19:16 +0300",
      "minecraft:shulker": "2022-12-03 18:09:49 +0300",
      "minecraft:zombie": "2022-12-03 17:43:35 +0300",
      "minecraft:zombie_villager": "2022-12-03 17:58:44 +0300"
    },
    "done": false
  },
  "minecraft:story/enter_the_nether": {
    "criteria": {
      "entered_nether": "2022-12-03 17:44:53 +0300"
    },
    "done": true
  },
  "naturescompass:natures_compass": {
    "criteria": {
      "has_recipe": "2022-12-03 16:01:11 +0300"
    },
    "done": true
  },
  "tconstruct:tools/materials_and_you": {
    "criteria": {
      "crafted_book": "2022-12-03 16:01:48 +0300"
    },
    "done": true
  },
  "tconstruct:internal/starting_book": {
    "criteria": {
      "tick": "2022-12-03 16:01:48 +0300"
    },
    "done": true
  },
  "minecraft:husbandry/balanced_diet": {
    "criteria": {
      "golden_apple": "2022-12-03 18:02:00 +0300"
    },
    "done": false
  },
  "minecraft:nether/root": {
    "criteria": {
      "entered_nether": "2022-12-03 17:44:53 +0300"
    },
    "done": true
  },
  "tconstruct:tools/material_master": {
    "criteria": {
      "slimewood": "2022-12-03 19:10:15 +0300",
      "cobalt": "2022-12-03 19:22:48 +0300",
      "manyullyn": "2022-12-03 19:03:15 +0300",
      "necrotic_bone": "2022-12-03 19:03:15 +0300",
      "wood": "2022-12-03 19:10:15 +0300",
      "rose_gold": "2022-12-03 19:26:41 +0300",
      "bone": "2022-12-03 19:03:15 +0300",
      "hepatizon": "2022-12-03 19:26:41 +0300",
      "pig_iron": "2022-12-03 18:53:03 +0300",
      "flint": "2022-12-03 19:10:15 +0300"
    },
    "done": false
  },
  "minecraft:adventure/adventuring_time": {
    "criteria": {
      "minecraft:beach": "2022-12-03 17:50:44 +0300",
      "minecraft:swamp": "2022-12-03 16:01:11 +0300",
      "minecraft:forest": "2022-12-03 17:50:49 +0300"
    },
    "done": false
  },
  "minecraft:nether/explore_nether": {
    "criteria": {
      "minecraft:nether_wastes": "2022-12-03 17:44:54 +0300",
      "minecraft:soul_sand_valley": "2022-12-03 17:46:00 +0300"
    },
    "done": false
  },
  "tconstruct:smeltery/tinkers_anvil": {
    "criteria": {
      "crafted_overworld": "2022-12-03 18:51:54 +0300"
    },
    "done": true
  },
  "create:root": {
    "criteria": {
      "0": "2022-12-03 16:01:11 +0300"
    },
    "done": true
  },
  "minecraft:husbandry/root": {
    "criteria": {
      "consumed_item": "2022-12-03 18:02:00 +0300"
    },
    "done": true
  },
  "naturescompass:natures_compass_log": {
    "criteria": {
      "has_recipe": "2022-12-03 16:01:11 +0300"
    },
    "done": true
  },
  "naturescompass:natures_compass_sapling": {
    "criteria": {
      "has_recipe": "2022-12-03 16:01:11 +0300"
    },
    "done": true
  },
  "trashcans:recipes/search/liquid_trash_can": {
    "criteria": {
      "bucket": "2022-12-03 16:01:11 +0300"
    },
    "done": true
  },
  "integrateddynamics:root": {
    "criteria": {
      "criteria_0": "2022-12-03 16:22:51 +0300"
    },
    "done": true
  },
  "tconstruct:tools/tool_smith": {
    "criteria": {
      "sword": "2022-12-03 18:53:03 +0300",
      "pickaxe": "2022-12-03 19:10:15 +0300"
    },
    "done": false
  },
  "trashcans:recipes/search/energy_trash_can": {
    "criteria": {
      "redstone": "2022-12-03 16:01:11 +0300"
    },
    "done": true
  },
  "tconstruct:tools/make_part": {
    "criteria": {
      "crafted_part": "2022-12-03 18:52:30 +0300"
    },
    "done": true
  },
  "tconstruct:smeltery/tool_forge": {
    "criteria": {
      "cleaver": "2022-12-03 19:26:41 +0300"
    },
    "done": false
  },
  "minecraft:adventure/root": {
    "criteria": {
      "killed_something": "2022-12-03 16:39:17 +0300"
    },
    "done": true
  },
  "occultism:occultism/root": {
    "criteria": {
      "occultism_present": "2022-12-03 16:01:48 +0300"
    },
    "done": true
  },
  "trashcans:recipes/search/ultimate_trash_can": {
    "criteria": {
      "cans": "2022-12-03 16:01:11 +0300"
    },
    "done": true
  },
  "minecraft:nether/netherite_armor": {
    "criteria": {
      "netherite_armor": "2022-12-03 17:58:28 +0300"
    },
    "done": true
  },
  "DataVersion": 2975
}