{"stats":{"minecraft:dropped":{"integrateddynamics:on_the_dynamics_of_integration":1,"minecraft:chainmail_leggings":1,"ars_nouveau:wilden_horn":1},"minecraft:killed":{"ars_nouveau:wilden_hunter":2,"minecraft:wither_skeleton":1},"minecraft:custom":{"minecraft:time_since_rest":7696,"minecraft:crouch_one_cm":152,"minecraft:sprint_one_cm":280,"minecraft:play_time":7696,"minecraft:walk_one_cm":1664,"minecraft:sneak_time":118,"minecraft:mob_kills":3,"minecraft:drop":3,"minecraft:jump":24,"minecraft:damage_dealt":4407,"minecraft:leave_game":8,"minecraft:time_since_death":7696,"minecraft:total_world_time":46424,"minecraft:fly_one_cm":59526},"minecraft:picked_up":{"integrateddynamics:on_the_dynamics_of_integration":1,"ars_nouveau:worn_notebook":1,"minecraft:chainmail_leggings":1,"ars_nouveau:wilden_horn":1},"minecraft:used":{"minecraft:netherite_sword":52,"occultism:spawn_egg/wild_hunt_wither_skeleton":1,"ars_nouveau:wilden_hunter_se":25,"minecraft:wither_skeleton_spawn_egg":3}},"DataVersion":2975}