{
  "trashcans:recipes/search/item_trash_can": {
    "criteria": {
      "chest": "2022-12-02 23:07:13 +0300"
    },
    "done": true
  },
  "create:root": {
    "criteria": {
      "0": "2022-12-02 23:07:13 +0300"
    },
    "done": true
  },
  "modonomicon:modonomicon/root": {
    "criteria": {
      "modonomicon_present": "2022-12-02 23:07:20 +0300"
    },
    "done": true
  },
  "naturescompass:natures_compass_log": {
    "criteria": {
      "has_recipe": "2022-12-02 23:07:13 +0300"
    },
    "done": true
  },
  "minecraft:adventure/kill_a_mob": {
    "criteria": {
      "minecraft:wither_skeleton": "2022-12-02 23:20:37 +0300"
    },
    "done": true
  },
  "naturescompass:natures_compass_sapling": {
    "criteria": {
      "has_recipe": "2022-12-02 23:07:13 +0300"
    },
    "done": true
  },
  "minecraft:adventure/kill_all_mobs": {
    "criteria": {
      "minecraft:wither_skeleton": "2022-12-02 23:20:37 +0300"
    },
    "done": false
  },
  "naturescompass:natures_compass": {
    "criteria": {
      "has_recipe": "2022-12-02 23:07:13 +0300"
    },
    "done": true
  },
  "trashcans:recipes/search/liquid_trash_can": {
    "criteria": {
      "bucket": "2022-12-02 23:07:13 +0300"
    },
    "done": true
  },
  "integrateddynamics:root": {
    "criteria": {
      "criteria_0": "2022-12-02 23:07:30 +0300"
    },
    "done": true
  },
  "trashcans:recipes/search/energy_trash_can": {
    "criteria": {
      "redstone": "2022-12-02 23:07:13 +0300"
    },
    "done": true
  },
  "tconstruct:tools/materials_and_you": {
    "criteria": {
      "crafted_book": "2022-12-02 23:07:20 +0300"
    },
    "done": true
  },
  "tconstruct:internal/starting_book": {
    "criteria": {
      "tick": "2022-12-02 23:07:20 +0300"
    },
    "done": true
  },
  "minecraft:adventure/root": {
    "criteria": {
      "killed_something": "2022-12-02 23:19:37 +0300"
    },
    "done": true
  },
  "occultism:occultism/root": {
    "criteria": {
      "occultism_present": "2022-12-02 23:07:20 +0300"
    },
    "done": true
  },
  "trashcans:recipes/search/ultimate_trash_can": {
    "criteria": {
      "cans": "2022-12-02 23:07:13 +0300"
    },
    "done": true
  },
  "minecraft:adventure/adventuring_time": {
    "criteria": {
      "minecraft:eroded_badlands": "2022-12-02 23:07:35 +0300",
      "minecraft:badlands": "2022-12-02 23:20:35 +0300",
      "minecraft:desert": "2022-12-02 23:07:13 +0300"
    },
    "done": false
  },
  "DataVersion": 2975
}