{"stats":{"minecraft:picked_up":{"thermal:raw_silver":3,"integrateddynamics:on_the_dynamics_of_integration":1,"pamhc2foodcore:creamitem":2,"tconstruct:pickaxe":1,"pamhc2foodcore:roastedsunflowerseedsitem":2,"ae2:certus_quartz_pickaxe":1,"minecraft:rotten_flesh":11,"minecraft:wheat_seeds":2,"ars_nouveau:worn_notebook":1},"minecraft:used":{"minecraft:netherite_sword":271,"minecraft:netherite_chestplate":1,"minecraft:zombie_villager_spawn_egg":2,"occultism:spawn_egg/possessed_skeleton":1,"minecraft:zombie_spawn_egg":233,"minecraft:wither_skeleton_spawn_egg":9,"occultism:spawn_egg/djinni":1,"minecraft:netherite_boots":1,"minecraft:evoker_spawn_egg":1,"simpletomb:grave_key":1,"tconstruct:tinkers_anvil":3,"minecraft:golden_apple":7,"minecraft:bow":4,"minecraft:skeleton_spawn_egg":12,"minecraft:netherite_leggings":1,"occultism:spawn_egg/familiar_headless":1,"botania:manasteel_helmet":1,"minecraft:netherite_helmet":1,"minecraft:shulker_spawn_egg":2,"ars_nouveau:whirlisprig_se":1,"ars_nouveau:starbuncle_se":1,"tconstruct:terracube_spawn_egg":1},"minecraft:killed":{"minecraft:skeleton":1,"minecraft:zombie":44,"minecraft:zombie_villager":2,"tconstruct:terracube":1,"minecraft:creeper":1,"minecraft:shulker":2},"minecraft:crafted":{"tconstruct:hand_axe":2,"tconstruct:sword":2,"tconstruct:broad_axe":1,"tinker_rapier:rapier_tic":2,"tconstruct:cleaver":1,"tconstruct:mattock":2},"minecraft:dropped":{"tconstruct:pickaxe":1,"minecraft:wheat_seeds":2,"minecraft:rotten_flesh":3},"minecraft:mined":{"minecraft:large_fern":5,"minecraft:grass":19,"minecraft:fern":4},"minecraft:killed_by":{"minecraft:creeper":1},"minecraft:custom":{"minecraft:time_since_rest":90797,"minecraft:damage_taken":1199,"minecraft:sprint_one_cm":48436,"minecraft:walk_one_cm":73392,"minecraft:damage_absorbed":230,"minecraft:mob_kills":56,"minecraft:drop":6,"minecraft:damage_dealt":17846,"minecraft:fly_one_cm":289034,"minecraft:crouch_one_cm":284,"minecraft:play_time":162922,"minecraft:deaths":2,"minecraft:sneak_time":780,"minecraft:walk_under_water_one_cm":1236,"minecraft:damage_dealt_resisted":2545,"minecraft:jump":641,"minecraft:leave_game":2,"minecraft:walk_on_water_one_cm":3943,"minecraft:time_since_death":90737,"minecraft:climb_one_cm":1460,"minecraft:total_world_time":296235,"minecraft:fall_one_cm":14885}},"DataVersion":2975}