{"stats":{"minecraft:killed":{"minecraft:witch":90,"ars_nouveau:wilden_hunter":2,"minecraft:wither_skeleton":1},"minecraft:custom":{"minecraft:time_since_rest":82145,"minecraft:damage_taken":20,"minecraft:walk_one_cm":18523,"minecraft:sprint_one_cm":2732,"minecraft:mob_kills":109,"minecraft:interact_with_anvil":2,"minecraft:drop":12,"minecraft:damage_dealt":95204,"minecraft:fly_one_cm":187189,"minecraft:crouch_one_cm":590,"minecraft:play_time":82145,"minecraft:sneak_time":612,"minecraft:jump":141,"minecraft:interact_with_blast_furnace":5,"minecraft:leave_game":26,"minecraft:time_since_death":82145,"minecraft:total_world_time":257003,"minecraft:fall_one_cm":406},"minecraft:used":{"minecraft:netherite_sword":124,"integrateddynamics:energy_battery_creative":3,"minecraft:diamond_pickaxe":1,"botania:manasteel_sword":251,"minecraft:witch_spawn_egg":418,"ars_nouveau:wilden_hunter_se":25,"minecraft:wither_skeleton_spawn_egg":3,"tconstruct:tinkers_anvil":1,"occultism:spawn_egg/wild_hunt_wither_skeleton":1,"minecraft:anvil":1,"minecraft:skeleton_spawn_egg":1,"minecraft:blast_furnace":2,"thermal:sulfur_ore":1},"minecraft:crafted":{"tconstruct:sword":2},"minecraft:mined":{"thermal:sulfur_ore":1},"minecraft:picked_up":{"minecraft:stick":15,"minecraft:cooked_beef":6,"minecraft:chainmail_boots":1,"integrateddynamics:on_the_dynamics_of_integration":1,"tconstruct:tough_handle":1,"tconstruct:sword":1,"minecraft:enchanted_book":1,"pamhc2foodcore:epicbaconitem":2,"minecraft:chainmail_chestplate":1,"minecraft:cookie":5,"pamhc2foodcore:cookedgroundmuttonitem":2,"pamhc2foodcore:pickledbeetsitem":6,"minecraft:gunpowder":7,"minecraft:redstone":5,"ars_nouveau:greater_experience_gem":2,"minecraft:spider_eye":3,"ars_nouveau:wilden_horn":1,"minecraft:cooked_salmon":2,"pamhc2foodcore:roastedsunflowerseedsitem":2,"minecraft:iron_leggings":1,"ae2:certus_quartz_pickaxe":1,"minecraft:witch_spawn_egg":1,"minecraft:sugar":15,"pamhc2foodcore:cocoapowderitem":2,"thermal:sulfur":5,"minecraft:netherite_sword":2,"ars_nouveau:worn_notebook":1,"minecraft:raw_gold":2,"botania:manasteel_sword":7,"minecraft:chainmail_leggings":1,"minecraft:iron_helmet":3,"ars_nouveau:experience_gem":1,"pamhc2foodcore:basichamburgeritem":2,"pamhc2foodcore:melonjuiceitem":1,"pamhc2foodcore:cheesecakeitem":2,"minecraft:glass_bottle":3,"minecraft:glowstone_dust":4,"ae2:certus_quartz_sword":1,"pamhc2foodcore:pumpkinyogurtitem":3,"minecraft:ender_pearl":3},"minecraft:dropped":{"tconstruct:tough_handle":1,"minecraft:diamond_pickaxe":1,"minecraft:netherite_sword":1,"ars_nouveau:experience_gem":1,"minecraft:witch_spawn_egg":1,"minecraft:iron_leggings":1,"integrateddynamics:on_the_dynamics_of_integration":1,"minecraft:chainmail_leggings":1,"thermal:sulfur":5,"botania:manasteel_sword":1,"ars_nouveau:wilden_horn":1,"minecraft:redstone":1}},"DataVersion":2975}