{
  "trashcans:recipes/search/item_trash_can": {
    "criteria": {
      "chest": "2022-12-02 23:07:13 +0300"
    },
    "done": true
  },
  "modonomicon:modonomicon/root": {
    "criteria": {
      "modonomicon_present": "2022-12-02 23:07:20 +0300"
    },
    "done": true
  },
  "tconstruct:foundry/plate_armor": {
    "criteria": {
      "crafted_helmet": "2022-12-03 02:33:51 +0300"
    },
    "done": false
  },
  "minecraft:adventure/kill_a_mob": {
    "criteria": {
      "minecraft:wither_skeleton": "2022-12-02 23:20:37 +0300"
    },
    "done": true
  },
  "tconstruct:tools/tinker_tool": {
    "criteria": {
      "crafted_tool": "2022-12-03 02:31:57 +0300"
    },
    "done": true
  },
  "minecraft:adventure/kill_all_mobs": {
    "criteria": {
      "minecraft:skeleton": "2022-12-03 00:15:16 +0300",
      "minecraft:witch": "2022-12-03 00:16:33 +0300",
      "minecraft:wither_skeleton": "2022-12-02 23:20:37 +0300"
    },
    "done": false
  },
  "naturescompass:natures_compass": {
    "criteria": {
      "has_recipe": "2022-12-02 23:07:13 +0300"
    },
    "done": true
  },
  "tconstruct:tools/materials_and_you": {
    "criteria": {
      "crafted_book": "2022-12-02 23:07:20 +0300"
    },
    "done": true
  },
  "tconstruct:internal/starting_book": {
    "criteria": {
      "tick": "2022-12-02 23:07:20 +0300"
    },
    "done": true
  },
  "minecraft:story/obtain_armor": {
    "criteria": {
      "iron_leggings": "2022-12-03 00:16:34 +0300"
    },
    "done": true
  },
  "tconstruct:tools/material_master": {
    "criteria": {
      "rock": "2022-12-03 03:09:53 +0300",
      "wood": "2022-12-03 03:09:53 +0300",
      "bronze": "2022-12-03 02:31:57 +0300",
      "pig_iron": "2022-12-03 02:31:57 +0300"
    },
    "done": false
  },
  "minecraft:adventure/adventuring_time": {
    "criteria": {
      "minecraft:eroded_badlands": "2022-12-02 23:07:35 +0300",
      "minecraft:badlands": "2022-12-02 23:20:35 +0300",
      "minecraft:desert": "2022-12-02 23:07:13 +0300"
    },
    "done": false
  },
  "tconstruct:smeltery/tinkers_anvil": {
    "criteria": {
      "crafted_overworld": "2022-12-03 02:29:36 +0300"
    },
    "done": true
  },
  "create:root": {
    "criteria": {
      "0": "2022-12-02 23:07:13 +0300"
    },
    "done": true
  },
  "naturescompass:natures_compass_log": {
    "criteria": {
      "has_recipe": "2022-12-02 23:07:13 +0300"
    },
    "done": true
  },
  "naturescompass:natures_compass_sapling": {
    "criteria": {
      "has_recipe": "2022-12-02 23:07:13 +0300"
    },
    "done": true
  },
  "minecraft:story/mine_diamond": {
    "criteria": {
      "diamond": "2022-12-03 03:23:10 +0300"
    },
    "done": true
  },
  "trashcans:recipes/search/liquid_trash_can": {
    "criteria": {
      "bucket": "2022-12-02 23:07:13 +0300"
    },
    "done": true
  },
  "integrateddynamics:root": {
    "criteria": {
      "criteria_0": "2022-12-02 23:07:30 +0300"
    },
    "done": true
  },
  "tconstruct:tools/tool_smith": {
    "criteria": {
      "sword": "2022-12-03 02:31:57 +0300"
    },
    "done": false
  },
  "trashcans:recipes/search/energy_trash_can": {
    "criteria": {
      "redstone": "2022-12-02 23:07:13 +0300"
    },
    "done": true
  },
  "tconstruct:tools/make_part": {
    "criteria": {
      "crafted_part": "2022-12-03 02:30:01 +0300"
    },
    "done": true
  },
  "minecraft:adventure/root": {
    "criteria": {
      "killed_something": "2022-12-02 23:19:37 +0300"
    },
    "done": true
  },
  "tconstruct:tools/modified": {
    "criteria": {
      "crafted_tool": "2022-12-03 02:32:02 +0300"
    },
    "done": true
  },
  "occultism:occultism/root": {
    "criteria": {
      "occultism_present": "2022-12-02 23:07:20 +0300"
    },
    "done": true
  },
  "trashcans:recipes/search/ultimate_trash_can": {
    "criteria": {
      "cans": "2022-12-02 23:07:13 +0300"
    },
    "done": true
  },
  "DataVersion": 2975
}