{"stats":{"minecraft:mined":{"thermal:sulfur_ore":1},"minecraft:killed":{"ars_nouveau:wilden_hunter":2,"minecraft:wither_skeleton":1,"minecraft:witch":3},"minecraft:dropped":{"minecraft:iron_leggings":1,"integrateddynamics:on_the_dynamics_of_integration":1,"minecraft:chainmail_leggings":1,"minecraft:diamond_pickaxe":1,"ars_nouveau:wilden_horn":1,"thermal:sulfur":5,"minecraft:redstone":1},"minecraft:used":{"minecraft:netherite_sword":110,"minecraft:diamond_pickaxe":1,"occultism:spawn_egg/wild_hunt_wither_skeleton":1,"minecraft:skeleton_spawn_egg":1,"minecraft:witch_spawn_egg":117,"ars_nouveau:wilden_hunter_se":25,"thermal:sulfur_ore":1,"minecraft:wither_skeleton_spawn_egg":3},"minecraft:picked_up":{"minecraft:iron_leggings":1,"minecraft:stick":1,"thermal:sulfur":5,"integrateddynamics:on_the_dynamics_of_integration":1,"ars_nouveau:worn_notebook":1,"minecraft:netherite_sword":1,"minecraft:chainmail_leggings":1,"minecraft:cookie":5,"minecraft:redstone":1,"ars_nouveau:wilden_horn":1},"minecraft:custom":{"minecraft:time_since_rest":23139,"minecraft:crouch_one_cm":590,"minecraft:damage_taken":20,"minecraft:play_time":23139,"minecraft:sprint_one_cm":960,"minecraft:walk_one_cm":5729,"minecraft:sneak_time":345,"minecraft:mob_kills":9,"minecraft:drop":7,"minecraft:jump":49,"minecraft:damage_dealt":10424,"minecraft:leave_game":17,"minecraft:time_since_death":23139,"minecraft:total_world_time":175057,"minecraft:fall_one_cm":406,"minecraft:fly_one_cm":86403}},"DataVersion":2975}