{"stats":{"minecraft:killed":{"ars_nouveau:wilden_hunter":2,"minecraft:wither_skeleton":1,"minecraft:witch":3},"minecraft:used":{"minecraft:netherite_sword":103,"occultism:spawn_egg/wild_hunt_wither_skeleton":1,"minecraft:skeleton_spawn_egg":1,"minecraft:witch_spawn_egg":44,"ars_nouveau:wilden_hunter_se":25,"minecraft:wither_skeleton_spawn_egg":3},"minecraft:custom":{"minecraft:time_since_rest":11296,"minecraft:crouch_one_cm":590,"minecraft:play_time":11296,"minecraft:sprint_one_cm":960,"minecraft:walk_one_cm":5406,"minecraft:sneak_time":293,"minecraft:mob_kills":7,"minecraft:drop":5,"minecraft:jump":48,"minecraft:damage_dealt":9990,"minecraft:leave_game":15,"minecraft:time_since_death":11296,"minecraft:total_world_time":71820,"minecraft:fly_one_cm":70661},"minecraft:picked_up":{"minecraft:iron_leggings":1,"minecraft:stick":1,"integrateddynamics:on_the_dynamics_of_integration":1,"ars_nouveau:worn_notebook":1,"minecraft:netherite_sword":1,"minecraft:chainmail_leggings":1,"minecraft:cookie":5,"minecraft:redstone":1,"ars_nouveau:wilden_horn":1},"minecraft:dropped":{"minecraft:iron_leggings":1,"integrateddynamics:on_the_dynamics_of_integration":1,"minecraft:chainmail_leggings":1,"ars_nouveau:wilden_horn":1,"minecraft:redstone":1}},"DataVersion":2975}