{"stats":{"minecraft:used":{"minecraft:netherite_sword":124,"minecraft:diamond_pickaxe":1,"minecraft:witch_spawn_egg":170,"ars_nouveau:wilden_hunter_se":25,"minecraft:wither_skeleton_spawn_egg":3,"occultism:spawn_egg/wild_hunt_wither_skeleton":1,"minecraft:skeleton_spawn_egg":1,"minecraft:blast_furnace":2,"thermal:sulfur_ore":1},"minecraft:dropped":{"minecraft:diamond_pickaxe":1,"minecraft:netherite_sword":1,"minecraft:iron_leggings":1,"integrateddynamics:on_the_dynamics_of_integration":1,"minecraft:chainmail_leggings":1,"thermal:sulfur":5,"ars_nouveau:wilden_horn":1,"minecraft:redstone":1},"minecraft:mined":{"thermal:sulfur_ore":1},"minecraft:picked_up":{"minecraft:stick":1,"integrateddynamics:on_the_dynamics_of_integration":1,"minecraft:cookie":5,"minecraft:redstone":2,"ars_nouveau:wilden_horn":1,"minecraft:iron_leggings":1,"minecraft:sugar":2,"thermal:sulfur":5,"ars_nouveau:worn_notebook":1,"minecraft:netherite_sword":2,"minecraft:chainmail_leggings":1,"pamhc2foodcore:melonjuiceitem":1,"minecraft:glass_bottle":2},"minecraft:custom":{"minecraft:time_since_rest":46435,"minecraft:sprint_one_cm":960,"minecraft:walk_one_cm":5941,"minecraft:damage_taken":20,"minecraft:mob_kills":16,"minecraft:drop":8,"minecraft:damage_dealt":13354,"minecraft:fly_one_cm":104474,"minecraft:crouch_one_cm":590,"minecraft:play_time":46435,"minecraft:sneak_time":414,"minecraft:jump":51,"minecraft:interact_with_blast_furnace":5,"minecraft:leave_game":18,"minecraft:time_since_death":46435,"minecraft:total_world_time":207650,"minecraft:fall_one_cm":406},"minecraft:killed":{"minecraft:witch":10,"ars_nouveau:wilden_hunter":2,"minecraft:wither_skeleton":1}},"DataVersion":2975}