{"stats":{"minecraft:picked_up":{"ae2:certus_quartz_pickaxe":1,"minecraft:rotten_flesh":1,"thermal:raw_silver":3,"integrateddynamics:on_the_dynamics_of_integration":1,"ars_nouveau:worn_notebook":1},"minecraft:killed":{"minecraft:zombie_villager":2,"tconstruct:terracube":1},"minecraft:custom":{"minecraft:time_since_rest":2528,"minecraft:crouch_one_cm":11,"minecraft:deaths":1,"minecraft:sprint_one_cm":10237,"minecraft:play_time":57657,"minecraft:damage_taken":332,"minecraft:walk_one_cm":13695,"minecraft:sneak_time":282,"minecraft:mob_kills":5,"minecraft:damage_dealt_resisted":28,"minecraft:jump":122,"minecraft:damage_dealt":1096,"minecraft:leave_game":1,"minecraft:walk_on_water_one_cm":176,"minecraft:time_since_death":2485,"minecraft:total_world_time":132045,"minecraft:climb_one_cm":651,"minecraft:fall_one_cm":2529,"minecraft:fly_one_cm":111852},"minecraft:used":{"minecraft:netherite_sword":20,"minecraft:evoker_spawn_egg":1,"occultism:spawn_egg/familiar_headless":1,"minecraft:zombie_villager_spawn_egg":2,"occultism:spawn_egg/possessed_skeleton":1,"ars_nouveau:whirlisprig_se":1,"minecraft:zombie_spawn_egg":100,"ars_nouveau:starbuncle_se":1,"occultism:spawn_egg/djinni":1,"tconstruct:terracube_spawn_egg":1}},"DataVersion":2975}